{"cameraMode":{"drawMode":0,"name":"Shaded","section":"Shading Mode"},"sceneLighting":false,"audioPlay":false,"sceneViewState":{"m_AlwaysRefresh":false,"showFog":true,"showSkybox":false,"showFlares":true,"showImageEffects":true,"showParticleSystems":true,"showVisualEffectGraphs":true,"m_FxEnabled":true},"in2DMode":false,"pivot":{"x":9.690877914428711,"y":-11.536504745483399,"z":-23.326570510864259},"rotation":{"x":0.03754180297255516,"y":0.9616554975509644,"z":-0.2113209217786789,"w":0.17082343995571137},"size":14.885109901428223,"orthographic":false}